{
    "loss": 9.7645902633667,
    "accuracy": 0.5035971403121948
}