{
    "loss": 0.12297193706035614,
    "accuracy": 0.9280575513839722
}